client_id,nom,age,ville,categorie_client
1,Corrine Amoss,38,Socorro,Particulier
2,Sebastiano Finnes,55,Qiping,Entreprise
3,Chilton Hacksby,46,Little Rock,Particulier
4,Portie Croad,46,Cruz das Almas,Particulier
5,Eduardo Pegrum,23,Piteå,Particulier
6,Sheffy Worsall,24,Petare,VIP
7,Cynthea Deighan,51,Katrineholm,VIP
8,Bard Van Merwe,33,Liminka,Particulier
9,Sarajane Harty,47,Dzhalka,Particulier
10,Allyn Sutter,18,Viljoenskroon,Entreprise
11,Seline Undrell,23,Qianguo,VIP
12,Quent Tonna,46,Pradera,VIP
13,Bonnee Macari,58,Clermont-Ferrand,VIP
14,Ingrid Maryon,32,Shuidong,Particulier
15,Ammamaria Kolodziej,40,Bełchatów,Entreprise
16,Derrick Scoone,21,Stavropol’,Entreprise
17,Sondra Yarrow,31,Huangtudian,Particulier
18,Arnie Demageard,52,Dakoutun,Particulier
19,Clarey Danilenko,56,Nguigmi,Entreprise
20,Matthew Whittier,33,Sukoanyar,Particulier
21,Ofella Smurfitt,36,Campelos,Particulier
22,Eddie Sagar,41,Qinhe,Particulier
23,Sherri Sudron,45,Jiangwei,Particulier
24,Prisca Filipiak,45,Balboa,Particulier
25,Ajay Kender,43,Shangrao,Entreprise
26,Domingo Keddey,18,Agalteca,VIP
27,Florenza California,44,Gällivare,Particulier
28,Melly Sobczak,23,Wutan,Entreprise
29,Sheffy Hustings,27,Kedungasem,Particulier
30,Sandor Lacelett,25,Laventure,Particulier
31,Madge Rawkesby,48,Xinxu,Entreprise
32,Robyn Spiby,26,Tibillo,VIP
33,Dalli Vanyatin,58,Yantan,Particulier
34,Marjy Thomazet,43,Brodnica,VIP
35,Werner Benzie,53,Busay,Entreprise
36,Abdel Gettens,35,Sannikovo,Particulier
37,Filide Disbrey,49,Salvador,Particulier
38,Myrlene Simonard,29,Sabhā,Entreprise
39,Quentin Fendley,59,Krajan Caluk,Particulier
40,Budd Papes,40,Somovo,Particulier
41,Katusha Deniscke,55,Beringinjaya,Particulier
42,Binni Riceards,29,Medang,Particulier
43,Freddie Lund,25,Kaum Kaler,Particulier
44,Rowe Cordeau],19,Morales,Particulier
45,Antonie Warham,26,Mendeleyevo,Particulier
46,Florie Greensted,57,Ushumun,VIP
47,Steffie Espinos,31,Turbiv,Particulier
48,Leonanie Doorbar,29,Āl Ma‘ūdah,Entreprise
49,James Escofier,43,Taluncemara,Entreprise
50,Uriel Hebborne,33,El Potrero,VIP
51,Ly Magner,18,At-Bashi,Particulier
52,Cathee Sultan,32,Baruchowo,Particulier
53,Towney Sowter,22,Jiashan,Particulier
54,Lorna De Antoni,54,Tambulatana,Particulier
55,Tracee Yendle,28,Hushan,Particulier
56,Star Lindsey,25,Łysomice,Particulier
57,Mackenzie Gentsch,43,Hongqi,Particulier
58,Coletta Arnecke,28,Uglyanets,Particulier
59,Veronike Trytsman,48,Luoping,Particulier
60,Thorsten Bloxsum,24,Chamical,Particulier
61,Milzie Darbey,47,Jianxi,Particulier
62,Garik Hardison,33,København,Particulier
63,Brion Renehan,52,Buliran Segundo,Particulier
64,Lorettalorna Slark,51,Shigu,Particulier
65,Meredithe Ratchford,20,Tabu,Particulier
66,Barbabra Cackett,37,Mörrum,Entreprise
67,Lonnie Jarry,57,Dasongshu,Entreprise
68,Jorey Clearley,21,Shah Alam,Particulier
69,Arne Melpuss,28,Nunchía,Particulier
70,Lynnet Lichtfoth,60,Nýřany,Entreprise
71,Morganica Joncic,21,Qitan,Particulier
72,Jamesy Tithacott,33,Cukanguncal,Entreprise
73,Carie Erskine Sandys,35,El Mirador,Particulier
74,Loy Bernade,31,Erfurt,Entreprise
75,Kylila Gymblett,54,Shajing,Particulier
76,Rakel O'Kane,53,Jinhai,Particulier
77,Thom Yewman,56,Macia,Particulier
78,Selina Cowden,45,Revolucion Verde,Particulier
79,Alidia Giraux,19,Corumbá,VIP
80,Kerrie Scamadine,36,Totok,Particulier
81,Marshall O' Culligan,53,Cangyou,Particulier
82,Wye Lerway,36,Tuochuan,Entreprise
83,Nelly Bollom,31,Krumvíř,Entreprise
84,Kellie O'Brian,35,Hekou,VIP
85,Katrine Kun,46,Quchanghī,VIP
86,Rip Trevon,46,La Esperanza,VIP
87,Felicia Bennetts,42,Elektrėnai,Entreprise
88,Ethelda Cooney,50,Saint-Tite,Particulier
89,Wendel Kopec,60,Sukapura,VIP
90,Kessia Jacobsson,46,Kargowa,VIP
91,Corbie Whiles,44,Mohammedia,Entreprise
92,Sidonnie McKinless,32,Kuttu,Entreprise
93,Madison Segges,37,Čapljina,VIP
94,Suzi Demangeot,55,Néa Flogitá,Particulier
95,Roselle Ruston,24,Jifnā,Particulier
96,Adorne Mangenot,47,Komiža,VIP
97,Karel Stockwell,32,Óbidos,Entreprise
98,Nevsa Duddell,43,Arnaía,Particulier
99,Roanne Blanking,56,Requião,Particulier
100,Hillie Van Dijk,25,Viedma,Particulier
101,Cori Herion,60,Stod,Particulier
102,Kettie Rooke,46,E’erdun Wula,Particulier
103,Kevin Chipperfield,29,Güira de Melena,Entreprise
104,Eloise Klyner,56,Duru,Particulier
105,Annamarie Gardner,19,Chartres,Particulier
106,Consuelo Hasel,28,Ljukovo,VIP
107,Ardene Joseph,24,Moutsamoudou,Entreprise
108,Giff Whistlecroft,29,Kalanchak,Particulier
109,Merissa Reck,52,Goúrnes,Particulier
110,Fern Taylder,59,Esfarāyen,Particulier
111,Jerry Yaxley,39,Český Těšín,Particulier
112,Dix Yeiles,51,Ulyanovsk,Particulier
113,Raffarty Caine,27,Kebonan,Particulier
114,Palm Strafen,29,La Cruz,VIP
115,Dottie Rathke,47,Fangfan,Entreprise
116,Sibilla Nasi,53,Zhenwen,Particulier
117,Maxi Charter,47,Okigwi,Particulier
118,Ranee Saye,41,Mohelnice,Particulier
119,Tabb Dallosso,26,San Antonio,Entreprise
120,Nat Poate,44,Banjar Bucu,Particulier
121,Iorgos Deroche,48,Valparaíso,Particulier
122,Steve De Ruel,29,Machinda,Particulier
123,Fay O'Nowlan,50,Chirilagua,Entreprise
124,Mela Robinson,31,Verblyany,VIP
125,Patrica McShirie,50,Trompsburg,Entreprise
126,Lilian Jelphs,33,Ignacio Zaragoza,Entreprise
127,Morgun Mackerel,21,Oslo,VIP
128,Kay Cotte,44,Leuwipicung,Particulier
129,Piper Acheson,55,Staré Město,Entreprise
130,Ilse Studholme,26,Atawutung,Particulier
131,Terrye Valasek,19,Napu,Particulier
132,Imojean Sapseed,37,Nagrog Wetan,Entreprise
133,Berry Barnwille,54,Petäjävesi,Entreprise
134,Giacobo Le land,45,Souto da Costa,Particulier
135,Kare Davidou,44,Shōbara,Particulier
136,Shem O' Borne,36,Sendai-shi,Particulier
137,Faythe Winsiowiecki,56,Communal,Entreprise
138,Rosella Parradine,31,Boise,Particulier
139,Horten Crate,48,Cincinnati,Particulier
140,Skipper Brechin,57,Huibu,Particulier
141,Pen Hunston,56,Xujiahe,Particulier
142,Cordell Dyson,40,Sihe,Entreprise
143,Elvera Hobbert,50,Rio Grande,Particulier
144,Ninnetta Augar,40,Minle,VIP
145,Tod Coultass,50,Jurovski Dol,VIP
146,West Brenstuhl,38,Zapolyarnyy,Entreprise
147,Gertruda Snoddon,58,Xiaolou,Particulier
148,Raffarty MacGorman,35,Bongued,VIP
149,Paule Maven,53,Shengrenjian,Particulier
150,Leland Claye,54,Sokolac,Entreprise
151,Jocelyne Videneev,58,Tucson,Particulier
152,Pavla Saile,50,Baculongan,VIP
153,Moria Skrzynski,60,Koksovyy,Entreprise
154,Lindsey Hartrick,27,Jilong,Particulier
155,Celia Cuberley,20,Konstantinovsk,VIP
156,Hurleigh Crigin,35,Areni,Particulier
157,Salvador Primmer,26,Klatakan,VIP
158,Garth Cuthill,51,Salyan,Particulier
159,Catha Tranmer,46,Kuznetsovs’k,Particulier
160,Doria Klugman,20,Álftanes,Particulier
161,Patrick Le Galle,45,Dusit,Particulier
162,Konstantin Trustie,52,Krasnokamensk,Particulier
163,Francoise Chater,49,Cihaladan,Particulier
164,Merlina Jakubczyk,51,Ticrapo,Particulier
165,Roddie Pimm,38,Lukrejo,Particulier
166,Sander Phonix,44,Phoenix,Particulier
167,Harald Filyaev,30,Ballybofey,Particulier
168,Hollie Jaspar,51,Bulupayung,Particulier
169,Hube Wetherick,59,San Luis,Particulier
170,Row Melburg,32,Wukeshu,VIP
171,Kathe Wrightson,18,Nankun,Entreprise
172,Cristina Duckerin,48,Goya,Particulier
173,Kayle Figiovanni,55,San Miguel Dueñas,Particulier
174,Ailyn Fowle,46,Dula’er Ewenke Minzu,VIP
175,Opalina Cicchetto,22,Pointe-à-Pitre,Particulier
176,Aryn Gerran,18,Jianrao,VIP
177,Eudora Pawlett,20,Säffle,Entreprise
178,Iseabal McRavey,24,Tadianjie,Entreprise
179,Der Milsap,25,Ilopango,Particulier
180,Manuel Arkill,21,Le Blanc-Mesnil,Entreprise
181,Lacey Bucknell,40,Papër,Entreprise
182,Sigvard Soans,24,Huata,Particulier
183,Vivien Knowlton,51,President Roxas,Entreprise
184,Belita Le Brum,35,Itajaí,Particulier
185,Cal Tourville,40,Xinglong,Particulier
186,Jennette Croxon,46,Valle San Francisco,Entreprise
187,Cinderella Dunican,52,Puerto Bello,VIP
188,Hanan MacGeaney,50,Shangjiangxu,VIP
189,Eimile Whittlesee,58,Sharan,Entreprise
190,Anne-marie Mellonby,25,Cherkasskoye,Particulier
191,Dona Fruchon,27,Temperak,Particulier
192,Lefty Grent,60,Carangola,Particulier
193,Byrann Wanklyn,58,Sumbermanggis,Particulier
194,Hildegaard Finden,57,Gramaços,Particulier
195,Ralph Heis,42,Manorhamilton,Particulier
196,Corene Gabbitas,36,Lyublino,Particulier
197,Rollin King,59,Sidem,Particulier
198,Elonore Blazhevich,51,Chowki Jamali,Entreprise
199,Marieann McElroy,25,Noormarkku,Entreprise
200,Monte Smoughton,18,Tujing,Entreprise
201,Ynez Jewers,49,Pakemitan Dua,VIP
202,Rice Woodcock,41,Polyarnyy,VIP
203,Pearla Hazeldean,22,Jatisari,Particulier
204,Blithe Folbige,19,Wilamowice,Particulier
205,Reginauld Angless,36,Sacramento,Particulier
206,Felicity Boucher,39,Klapagada,Particulier
207,Darwin Rosin,26,Penanggungan,VIP
208,Leo Rapson,48,Agraharam,Particulier
209,Melina Zammitt,26,Daxing,VIP
210,Arabel Escofier,49,Huangchuan,Particulier
211,Gwendolyn McGroarty,57,Belišće,Particulier
212,Renelle Caple,33,Tønsberg,Particulier
213,Ardath Selburn,44,Tirtopuro,Particulier
214,Mufinella Zanitti,21,Yogyakarta,Particulier
215,Ed Limpkin,36,Kuching,Particulier
216,Rod De Blase,48,Si Somdet,Entreprise
217,Haleigh MacGregor,52,Flores da Cunha,Particulier
218,Gradey Lassell,25,Quba,Particulier
219,Allard Lepper,33,Phú Lộc,Particulier
220,Corie Ziem,42,Kochani,Particulier
221,Annabal Ruppertz,29,Urbano Noris,Entreprise
222,Farand Calrow,34,Kontagora,Particulier
223,Karoline Gilfether,24,Itumbiara,VIP
224,Osmond Larsen,41,‘Eilabun,Particulier
225,Betti Rabl,24,Skuratovskiy,Particulier
226,Cecile Oglesbee,39,Daliang,Entreprise
227,Marlie Leguey,40,Palmas,Entreprise
228,Zita Neath,47,Bindura,Particulier
229,Noelyn Rieflin,49,Cileles,VIP
230,Cullan Baukham,37,Xitou,Particulier
231,Ivette Mathys,25,Barbosa,Particulier
232,Ruy Darnbrough,19,Minien East,Particulier
233,Willy Whorf,58,Louisville,Particulier
234,Pegeen Gravatt,25,Xiangdian,Particulier
235,Errick Maunsell,32,Shuiquan,VIP
236,Lura Battelle,45,Gareba,Particulier
237,Minette Ozintsev,38,Cujillo,Particulier
238,Merrill Ackenhead,38,Mirzec,Entreprise
239,Bax Swaite,38,Kholmsk,Entreprise
240,Laureen Cosens,41,Khorinsk,Particulier
241,Julietta Graeber,42,Pégeia,Particulier
242,Sunshine Jozwiak,46,Novosheshminsk,Entreprise
243,Paulie O'Nowlan,36,Shklo,Particulier
244,Corry Friberg,54,Plaisir,Entreprise
245,Lyn Longstaffe,28,Berezanka,Particulier
246,Riordan Hamley,28,Nankou,Entreprise
247,Raphaela Houtby,20,Aston,Particulier
248,Rita Tremblay,27,Citeureup,Particulier
249,Nerti Yurukhin,36,Marisol,Particulier
250,Phyllis Arend,22,Fort Wayne,Particulier
251,Rollin Jiroutek,24,Shimotoda,Entreprise
252,Kevon Shuker,29,Tanlad,Particulier
253,Craggie Sheirlaw,60,Ani-e,VIP
254,Sheffy Sallery,39,Aubervilliers,Particulier
255,Suzette Santacrole,22,Pasirjaya,Particulier
256,Ricki Todarini,31,Luhanka,Entreprise
257,Estell Twitchett,45,Almafuerte,VIP
258,Brian Nason,38,Alistráti,Particulier
259,Jacquette Wincom,58,Barão de Melgaço,Particulier
260,Taber Antoney,55,Rokycany,Particulier
261,Anna Iannini,27,Ujungpangkah,Entreprise
262,Maegan Macoun,34,Sinarbakti,Particulier
263,Engelbert Fennelly,18,Malindi,VIP
264,Boigie Iannetti,54,Vilufushi,Particulier
265,Tammy Arkley,38,Xintang,Entreprise
266,Mona Alliban,48,Évreux,VIP
267,Marianne Gotthard,48,Graz,Particulier
268,Mitchel Muddimer,46,Zhangjiagang,Particulier
269,Steward Bettanay,42,Huilong,Particulier
270,Ester Notton,21,Demak,Particulier
271,Kennett Croxall,31,Kauswagan,VIP
272,Adelaide Rubie,35,Potok Złoty,Particulier
273,Iris Tapson,56,Simnas,Particulier
274,John Castleman,41,Sandakan,Entreprise
275,Gert Swinden,56,Léfka,Particulier
276,Theodora Langran,58,Maragogi,Particulier
277,Rudie Griffe,22,Belung Satu,VIP
278,Jefferey O'Dee,20,Shalamzār,Particulier
279,Yoko Frunks,34,Saint-Péray,Particulier
280,Coop Quinet,26,Huilong,Particulier
281,Cedric Sawter,20,Az Zuwaytīnah,Particulier
282,Minerva Battany,32,Saltsjöbaden,Particulier
283,Theda Aleixo,43,Yaroslavskiy,Entreprise
284,Mar Hemphall,52,Nentón,VIP
285,Noah Accombe,60,Yangtan,Particulier
286,Huntley Frossell,39,Kolobovo,Particulier
287,Shelba Fantini,38,Lagunillas,Entreprise
288,Ginelle Eddy,48,Gadon,Particulier
289,Salvatore Perritt,50,Sundbyberg,Entreprise
290,Andre Vispo,42,Rantīs,VIP
291,Bette-ann Southerns,54,Helsingborg,VIP
292,Harp Fawkes,30,Pocpo,Particulier
293,Kass FitzGibbon,45,Pregonero,Entreprise
294,Iggie Eger,26,Shentang,Particulier
295,Maryjo Hustler,51,Świebodzice,Entreprise
296,Ruben Daveley,33,Kilju,Particulier
297,Maddalena Print,26,San Rafael,Entreprise
298,Electra Stirley,37,Ar Ruways,VIP
299,Bride Gaunt,21,Agualva de Cima,Particulier
300,Nevin Prudence,34,At-Bashi,Particulier
301,Aylmer Mattiello,40,Tvøroyri,Particulier
302,Alina Dimelow,27,Surat Thani,VIP
303,Veronike Rouchy,19,Kadubera,Entreprise
304,Anthony Spikeings,46,Jinghong,Particulier
305,Kirbee Alexsandrowicz,54,Tabu,VIP
306,Leila Habbal,31,Banatsko Veliko Selo,Particulier
307,Piggy Haygreen,50,Salakuray,Particulier
308,Miltie Portsmouth,30,Jaqué,Entreprise
309,Hunter Bilbey,50,Honghai,Entreprise
310,Abby Clench,53,Marco,Particulier
311,Ladonna De Michele,44,Zhongbao,VIP
312,Abram MacKnockiter,27,Huicheng,Entreprise
313,Emma Cowoppe,60,Jiukou,Entreprise
314,Cornela Twyning,54,San Juan del Surutú,Particulier
315,Nickola Cerman,53,Orodo,Entreprise
316,Lockwood Luggar,60,Žacléř,Entreprise
317,Kendrick Wheal,30,Tampocon,Particulier
318,Sumner Simioli,33,San Miguel,Entreprise
319,Anselma Mayworth,36,Qingqu,Entreprise
320,Renard Nand,45,Malartic,Particulier
321,Muhammad Grimditch,49,Aquitania,Particulier
322,Ed Hakonsson,43,Mākū,Particulier
323,Shell Waylen,58,Cascavel,Particulier
324,Noak Diplock,25,Jiefangyan,Particulier
325,Alicia Edington,53,Sukacai,VIP
326,Goldia Loyndon,40,Curridabat,VIP
327,Jamesy Lindley,22,Xuedian,Entreprise
328,Alejandrina Elgar,52,Cipicung,Entreprise
329,Sully Selwin,34,Dongle,Particulier
330,Amalia O'Carrol,38,Göteborg,Particulier
331,Dirk Guinness,36,Tominian,Entreprise
332,Ruthe Hunsworth,32,Badong,Particulier
333,Datha Lavell,54,Pengchang,Entreprise
334,Chrissy Sweating,23,Kelapa,Particulier
335,Hadria Gronous,57,Puerto de Nutrias,Entreprise
336,Terry Housen,37,Salaya,Entreprise
337,Bondy Rawsen,51,Dingdian,Particulier
338,Claudius de Copeman,24,Rokycany,Particulier
339,Davon Molineux,49,Betim,Particulier
340,Brandais Le Marchand,45,Qalaikhumb,Particulier
341,Codi Schwandner,46,Alexandria,Particulier
342,Jordanna Marchi,24,Agadez,Particulier
343,Gauthier Egdal,53,Norak,Particulier
344,Johnna McKinnon,47,Krajan Satu,VIP
345,My Dallyn,60,São João de Caparica,Particulier
346,Leela Hully,49,Skomlin,Particulier
347,Tuesday Cristofanini,54,Santa Cruz do Capibaribe,VIP
348,Ezri Masedon,40,Tak Bai,Particulier
349,Patience MacNeachtain,40,Ji’an,VIP
350,Dorie Keers,27,Seshcha,Entreprise
351,Farrand Gostall,39,Villaviciosa,Particulier
352,Sabra Eighteen,25,Dërmënas,Particulier
353,Chip Mouncher,38,Baardheere,Particulier
354,Vonny Adnam,28,Wangcao,Particulier
355,Marcia Vanichkov,45,Mirebalais,Entreprise
356,Gnni Izen,23,Mabay,Entreprise
357,Kanya Midlar,22,Cardal,Particulier
358,Karlotta Balshaw,40,Tajrīsh,Particulier
359,Chandler Hellewell,52,Mitrópoli,Entreprise
360,Errol Mc Cahey,21,Montepuez,Entreprise
361,Catharine Trenaman,59,Bagumbayan,Entreprise
362,Joshua Dorwood,28,Xingfu,Entreprise
363,Grace Rowe,33,Zelenogorsk,Entreprise
364,Simone Cody,52,Dzagam,Particulier
365,Shelagh Yanshinov,38,Zhongchuan,Particulier
366,Rosamond Hutchins,32,Caçapava,Particulier
367,Eddi Tampen,18,Sinfra,Entreprise
368,Ethe Peacop,33,Sambirata,Particulier
369,Raimondo Rilston,21,Santa Catalina,Particulier
370,Ted Blaszczak,41,Tabant,Particulier
371,Dawna Fidelli,56,Åtvidaberg,Particulier
372,Leanna Ickowicz,45,Cimanggu Girang,Particulier
373,Egan Varley,21,Ziroudani,VIP
374,Tamiko Kundert,32,Vladivostok,Particulier
375,Adele Schwandt,52,Huangli,VIP
376,Janene Rape,38,Ban Phue,Entreprise
377,Nan Hache,41,Banjar Kertasari,Particulier
378,August Gylle,21,Ceranów,Entreprise
379,Bren Humbey,51,Horní Počaply,Entreprise
380,Cordell Colloff,48,Tabanan,Particulier
381,Wiley Harte,31,Corvite,Entreprise
382,Karissa Prys,32,Parengan,Entreprise
383,Raphaela Maggorini,29,Pushkino,Particulier
384,Murry Eshmade,19,Pang,Particulier
385,Baldwin Clendennen,51,Sadabe,Particulier
386,Philippe Simeon,36,Taldan,Entreprise
387,Barnaby Rayment,24,Yanjiang,Particulier
388,Dianemarie Iliffe,47,Querecotillo,Particulier
389,Regan Leggen,21,Komga,Entreprise
390,Valenka Gioan,58,Białobrzegi,Particulier
391,Earvin Foster,24,Rowotengah,Particulier
392,Bessie Peracco,49,Gilin,Particulier
393,Mahalia Volett,47,Chittagong,Entreprise
394,Coreen McGlashan,51,Wiśniewo,Particulier
395,Mehetabel Swatton,37,Hujiagou,Particulier
396,Anne-corinne Hickinbottom,26,Posadas,VIP
397,Gisela Bagg,49,Saddina,Entreprise
398,Germaine Dorracott,41,Slavyanovo,VIP
399,Mommy Davidoff,22,La Cumbre,Particulier
400,Kanya Berryman,21,Břasy,Particulier
401,Winny Wesson,53,Libertad,Particulier
402,Mel Pearch,33,Zhulebino,Particulier
403,Jeramie Coolson,44,Marka,Particulier
404,Isabel Sweetsur,21,Kostyantynivka,Particulier
405,Bevin Newlove,51,Verkhovyna,VIP
406,Adey Gallandre,31,Catarman,Entreprise
407,Maynard Graveney,33,København,Particulier
408,Phylys Vogl,43,Sukamulya,VIP
409,Faydra Kmietsch,53,Chumphon Buri,VIP
410,Ilaire Biddleston,22,Zásmuky,Entreprise
411,Laurice Hollingshead,45,Buenos Aires,Particulier
412,Carol-jean Dobrovolny,55,Sanhui,Particulier
413,Byrann Godilington,40,Kakan,Entreprise
414,Hadrian Sepey,25,Krojo,Entreprise
415,Lothaire Tyght,36,Mubo,Particulier
416,Arabele Pittel,52,Bacong,VIP
417,Sandye Mundell,33,Totora,VIP
418,Sherwin Serman,28,Baqiao,Particulier
419,Andrea Layman,39,Vredenburg,Particulier
420,Tamas Renzini,36,Malakwal City,Particulier
421,Reynold Ghirigori,27,Kashiwazaki,Entreprise
422,Cindi Bendin,32,Mēga,Entreprise
423,Fredric Grishankov,51,Fangfan,Entreprise
424,Dud Pentycross,37,Fengdian,Entreprise
425,Haleigh Issakov,55,Helong,Particulier
426,Udell Pottell,31,Pancoran,Particulier
427,Marijo Letherbury,23,Apopa,Particulier
428,Magdalene Kohneke,44,Wufeng,Entreprise
429,Linnell Mival,23,Opol,Particulier
430,Ludwig Alvey,36,Momanalu,Particulier
431,Alan Tremonte,34,Madrid,Particulier
432,Branden Blakemore,33,Kose,Entreprise
433,Pippo Luckey,18,Jocotán,Particulier
434,Melany Willetts,24,Suay,Particulier
435,Shanta Battye,32,Lubomierz,Particulier
436,Darrelle Acaster,52,Koslan,VIP
437,Malorie Renol,41,Iberia,Particulier
438,Bronson Sheircliffe,57,Nida,Entreprise
439,Darryl Browse,50,Zaoxi,VIP
440,Leelah Rizzillo,30,Toufang,Particulier
441,Tana Carlesso,38,Mlimba,Entreprise
442,Hilly De Bruyn,24,Vaiusu,Particulier
443,Ardath Shearmur,57,Badar,VIP
444,Mikkel Brisseau,53,Berehomet,Particulier
445,Karlotte Aronin,19,Shah Alam,Entreprise
446,Willy Willman,26,Cihaladan,Particulier
447,Desdemona Hucke,19,Bazi,VIP
448,Abraham Gerin,56,Xianglong,Particulier
449,Abba Lemerie,57,Sawahan,Particulier
450,Blakelee Northridge,21,Rancaerang,VIP
451,Zacharias Labes,45,Olafulihaa,VIP
452,Fedora Cooper,41,Amieira do Tejo,Particulier
453,Roth Lubeck,60,Hualong,Particulier
454,Tad Lachaize,40,Zwettl,Particulier
455,Jobi Hamblington,18,Kinnula,Particulier
456,Appolonia Cheke,52,Xiaohe,Particulier
457,Fons Mableson,46,Lücheng,Particulier
458,Laina Rosso,57,La Guadalupe,Particulier
459,Bary Iorizzi,37,Veinticinco de Mayo,Particulier
460,Mariska Dibsdale,33,Widorokandang,VIP
461,Marcelo Cowtherd,29,Yefremov,Entreprise
462,Early Shenley,40,Changshengqiao,Entreprise
463,Bevon Meeson,47,Guanzhou,Particulier
464,Lauretta Hosier,24,Łubnice,Particulier
465,Eimile Winskill,29,Guadalupe Victoria,Particulier
466,Harriott Lowde,39,Salvaleón de Higüey,Particulier
467,Steve Giovannilli,36,Al Tuḩaytā’,Particulier
468,Joby Demcak,30,Kuchurhan,Entreprise
469,Cherie Gebbie,48,Caramay,Particulier
470,Sharron Hook,60,Santa Teresa,Entreprise
471,Boot Randall,42,Sorang,Particulier
472,Grace Crandon,26,Sosnovyy Bor,Particulier
473,Nicolai Ovize,25,Pinayagan Norte,Particulier
474,Terencio Beagan,24,Narew,Entreprise
475,Danya Marns,47,Nandaime,Entreprise
476,Yule Seeds,55,Maño,Entreprise
477,Lind Bartomieu,50,Daniëlskuil,Particulier
478,Lionello Bamlett,21,Wanfa,Particulier
479,Joli Pasmore,28,Mbanza Congo,Entreprise
480,Adelaida Dobney,19,Eydhafushi,Entreprise
481,Fidela Cramp,48,Ponggeok,Particulier
482,Georgianne Dann,56,Wenwuba,Entreprise
483,Colet Venditto,36,Rouyuan,VIP
484,Gisele Pestor,29,Jiapeng,Entreprise
485,Ruthie Revington,45,Qionghai,Entreprise
486,Ernesto Abbotts,25,Yukuhashi,Particulier
487,Quentin Albrooke,25,Oklahoma City,Entreprise
488,Delbert Richardot,28,Maubeuge,Particulier
489,Harv Floweth,20,Mabugang,Particulier
490,Hobard Reuss,37,Courbevoie,Particulier
491,Petra Froome,58,Xiongguan,Entreprise
492,Joby Yorston,27,Khŭjand,Entreprise
493,Fernande Furbank,60,Genisséa,Entreprise
494,Chadd Fitkin,31,Bai’e,VIP
495,Seth Cronshaw,59,Shikārpur,Entreprise
496,Harlie Scoggan,40,Arbaoua,Particulier
497,Arden Jeakins,23,Manila,Particulier
498,Wilhelm Parman,56,Mijiang,Particulier
499,Cthrine Szymanzyk,51,Bambakashat,Particulier
500,Ivan Crackett,41,Gualeguay,Particulier
501,Janice Wait,21,Visconde do Rio Branco,VIP
502,Rasla Burrows,40,Gävle,Entreprise
503,Isabelita Kropp,18,Donggang,Particulier
504,Brady Le Frank,36,Texistepeque,Particulier
505,Hillyer Bannard,56,Valera,VIP
506,Fee Axup,29,Queenstown,Particulier
507,Ardelle Hrynczyk,34,Jiamaogong,Particulier
508,Chris Nudde,23,Japerejo,Particulier
509,Elena Leicester,54,Kyurdarmir,Particulier
510,Antonella Kubalek,52,Pingba,Entreprise
511,Eward Atkirk,44,Zhendong,Particulier
512,Willamina Ourtic,34,Nieborów,Particulier
513,Henrik Clacey,25,Karlstad,Particulier
514,Ailey Winfred,23,Sigou,Particulier
515,Isahella Maccrae,18,São Bernardo do Campo,Particulier
516,Audra Kinny,50,Zhanghekou,Particulier
517,Hugibert Eyckel,47,Mojkovac,Particulier
518,Odey Philpott,35,Tsagaanchuluut,Particulier
519,Lewiss Coulton,35,Berlin,Particulier
520,Averell Ockendon,49,Longyearbyen,Particulier
521,Van Mackrill,29,Hezhang,Entreprise
522,Vladamir Staley,43,La Guata,Particulier
523,Carrol Bellworthy,60,Kavála,Entreprise
524,Galvan Coltart,46,Luxi,VIP
525,Joana Hembery,25,Novopokrovskaya,Particulier
526,Ryann Leacock,29,Chaves,Particulier
527,Siobhan Abdie,25,Huangdu,Particulier
528,Stoddard Mingaye,34,Caraballeda,Entreprise
529,Mitch Iacobassi,35,Yancheng,Entreprise
530,Maurita Middlemiss,52,Karanganyar,Entreprise
531,Ruby Pratton,21,Yandian,Particulier
532,Emmaline Birdis,33,Budta,Particulier
533,Shirline Murcott,25,Bobowa,VIP
534,Basilio Quogan,37,Mestre,Particulier
535,Hill Pirozzi,57,Sayán,Particulier
536,Charita Maddrah,40,Punkalaidun,Entreprise
537,Nicko Dunniom,27,Shaliangzi,Particulier
538,Atalanta Leverson,44,Magetlegar,Particulier
539,Etheline McIlwaine,38,Katoúna,Particulier
540,Merle Helgass,31,Aglalana,VIP
541,Gaby Haddow,41,Hämeenkoski,Particulier
542,Betsey Alexandersen,24,Xinchong,Particulier
543,Stefania Glowacz,42,Xiaoyan,Particulier
544,Currie Kiehnlt,43,Conde,Particulier
545,Bank Hodge,26,Klishkivtsi,Particulier
546,Rudolfo Ryton,52,Zhouzhuang,Particulier
547,Birgitta Faunch,58,Nice,VIP
548,Maurita Ivshin,18,Líbano,Particulier
549,Wadsworth Kirkbright,31,Madrid,Particulier
550,Juliette Wallwork,23,Irecê,Entreprise
551,Maddalena Sutton,49,Martin,Particulier
552,Cesya Schoular,44,Nong Bua Daeng,Particulier
553,Maximilien Stuart,27,Funtua,VIP
554,Karim Chateau,58,Chuanpu,Entreprise
555,Veronike Whittock,49,Gifu-shi,Particulier
556,Hamil Diver,60,Dolsk,Particulier
557,Brandie Naisbit,40,Tlogosari,Particulier
558,Sophie Rivers,28,Ayang-ni,Particulier
559,Farlee Tart,53,Okhansk,VIP
560,Chrisse Cruse,45,Khodasy,Entreprise
561,Jodi Grayley,23,Qianshan,Particulier
562,Lulita Dron,27,Jonkowo,Particulier
563,Brent Barkway,56,Arroyo Seco,Particulier
564,Clary Tarr,20,Figueiró dos Vinhos,Particulier
565,Clywd Cockshott,53,Chengdong,Particulier
566,Caty Haysham,31,Lianshan,Particulier
567,Fabe Mawer,59,Bertoua,Particulier
568,Allix Whatmough,19,Muli,Entreprise
569,Nonah Ayars,32,Belize City,Entreprise
570,Tedd Dillinton,22,Río Tercero,VIP
571,Farr Crowne,33,Soisy-sous-Montmorency,Entreprise
572,Chelsea Bisp,22,Cuauhtemoc,Particulier
573,Dwain Sparshott,24,Rentung,Entreprise
574,Katinka Fourmy,57,Belize City,VIP
575,Daveta Heberden,40,Laohugang,VIP
576,Carena McEntegart,51,Lourido,Entreprise
577,Benedetto Kelso,49,Labinot-Mal,Particulier
578,Eadith Thorsen,52,Leżajsk,Particulier
579,Boycie Garmons,33,Dulian,VIP
580,Tedi Nortunen,53,Karditsomagoúla,VIP
581,Sophronia Ure,40,Cabcaben,Particulier
582,Keith Doogue,57,Mikulovice,Particulier
583,Batsheva Hardi,37,Shahrud,Particulier
584,Zandra Mulqueeny,58,Tajerouine,Particulier
585,Coraline Baskeyfield,39,Doctor Juan León Mallorquín,Particulier
586,Alverta Nichols,45,Verkhniy Yasenov,Particulier
587,Fredelia Gunningham,28,Pejek,Particulier
588,Billye Friedman,53,Tejar,Particulier
589,Ernaline Spellicy,60,Cunday,VIP
590,Pete Folds,60,Fedorovka,Entreprise
591,Alfi Caustic,44,Turze Pole,Particulier
592,Lindy Summers,53,Pimentel,Particulier
593,Guntar Treharne,21,Ares Tengah,Particulier
594,Merilee Oxenham,30,Vorontsovka,Entreprise
595,Cchaddie Kase,56,Kuta,Particulier
596,Kitti Noorwood,43,Melaka,Particulier
597,Marne Foulkes,29,Koceljeva,Entreprise
598,Viola Abramski,29,Ramadi,Entreprise
599,Jude Wallworth,48,Skoútari,Particulier
600,Jeralee Gypps,57,Mullagh,VIP
601,Renae Bloschke,19,Poroshkovo,Entreprise
602,Lacie Cornborough,18,Boquira,Particulier
603,Gard Peiser,35,Norakert,Particulier
604,Lindsey Phelit,51,Lomintsevskiy,VIP
605,Jena Daber,48,Plumtree,VIP
606,Frankie Nattrass,33,Sigou,VIP
607,Nicole Gasperi,43,Chenzhou,Particulier
608,Johannah Rawcliffe,27,Burbank,Particulier
609,Sholom Lunck,43,Strelitsa,Particulier
610,Reinaldo Parfett,60,Klonowa,Particulier
611,Sean Eastbury,57,Suruhwadang,Particulier
612,Colman Gillison,19,Oslo,Particulier
613,Dredi Cordero,31,Artémida,Particulier
614,Rudiger Jeffcoat,44,Borovan,Particulier
615,Denis Kiledal,19,Giedlarowa,VIP
616,Sara-ann Clemensen,41,Quimper,Particulier
617,Filippo Gabbidon,59,As Salţ,VIP
618,Kingsley Clawsley,38,Kalijeruk,Entreprise
619,Claudius Gazzard,27,Shiniujiang,Particulier
620,Monty Adamovsky,36,Kanie,Particulier
621,Allina Wollacott,26,Lianfa,Particulier
622,Matti Fancutt,41,Papilawe,Particulier
623,Tristan Bage,43,Sebulu,Particulier
624,Violante Bugg,60,Łubowo,Particulier
625,Verine Birkenhead,28,Sake,VIP
626,Kermie Ridder,23,Glagahdowo,Particulier
627,Tansy Lazar,56,Kamiennik,Entreprise
628,Genvieve Brosio,36,Karpushikha,Particulier
629,Janet Kibble,26,Cape Town,Particulier
630,Esme Gimber,47,Khuan Don,Particulier
631,Audy Jonczyk,59,Vasilikón,Particulier
632,Sherwynd Limpenny,46,Kelin,Particulier
633,Raymund Aggett,56,Biscoitos,Particulier
634,Norry Dumingos,18,Bei’an,Particulier
635,Iosep Houtbie,18,Lajarik,Particulier
636,Griffith Venables,39,Sumberpinang Satu,Entreprise
637,Harriot Audley,53,Novorozhdestvenskaya,Entreprise
638,Salaidh Meritt,21,Trancas,Entreprise
639,Andrei Peart,60,Lantang,Particulier
640,Di Michell,42,Ángeles,Particulier
641,Fern Wombwell,30,Turenki,Entreprise
642,Lari Silberschatz,51,Mojoagung,Particulier
643,Laure Hayers,54,Wailiang,Entreprise
644,Jacques Leppard,41,Ciodeng,Entreprise
645,Chris Linskey,60,Três Corações,Particulier
646,Zack Morehall,45,Gaocun,Particulier
647,Gladi Winning,55,Otok,Entreprise
648,Boycey Rothery,40,Farkhor,Particulier
649,Dulcy Oller,36,Rosso,Particulier
650,Chrissie Brackstone,51,Okuta,Particulier
651,Ellie Whitworth,54,Hangkou,Entreprise
652,Kennie Soutar,45,Kombësi,Entreprise
653,Lelia Seson,33,Hita,Particulier
654,Ilaire Delves,56,Phú Mỹ,Particulier
655,Brandy Schooling,45,Kiev,Entreprise
656,Laryssa Edson,18,Jiangjiazui,Particulier
657,Silvana Illwell,25,Ndewel,VIP
658,Brock Harriagn,25,El Ingenio,Particulier
659,Mack Sparshutt,26,Kisumu,Particulier
660,Tremayne Shearsby,60,Cuenca,VIP
661,Karrah Garnsey,33,Binawara,Entreprise
662,Ole Rodd,39,Shiyan,Particulier
663,Bertram Beneteau,40,Kigali,VIP
664,Lacie Margrett,56,Buenavista,Particulier
665,Edan Annott,31,Taourirt,Particulier
666,Carol-jean Roskell,25,Kadugede,Particulier
667,Clarinda Lyness,56,Khlong Yai,Entreprise
668,Gabbie Spooner,59,Jarabacoa,Particulier
669,Angel Vreede,60,Dongshangguan,Particulier
670,Guenna Eustes,40,Khodzha-Maston,Entreprise
671,Elmira Fagg,38,Chaguaní,Particulier
672,Franky Oldaker,20,Cempa,Particulier
673,Christoph Disbrey,56,Barbosa,Particulier
674,Hana Glencrosche,30,Libei,Particulier
675,Agata Wassell,42,Sancha,Entreprise
676,Helge Avramow,24,Alqueva,Particulier
677,Neysa Esp,37,Arujá,Entreprise
678,Vanda Millhouse,58,Zaraza,Particulier
679,Justus Domenichelli,51,Jixiang,Particulier
680,Sophie Hemerijk,45,Dolores,Particulier
681,Lanie Coolson,43,Sairam,Entreprise
682,Randi Bannell,29,Shido,Particulier
683,Gabrila Beminster,19,Sukkozero,Particulier
684,Adriane Biggans,22,Chirpan,Entreprise
685,Nerty Duesbury,19,Kuantan,Particulier
686,Carlen Sysland,41,Anan,Particulier
687,Dov Tilney,47,Xinying,Particulier
688,Andriana Beahan,19,Tuguan,Entreprise
689,Beret Dominey,38,Houyu,Particulier
690,Dael Swindells,32,Fazenda de Santa Cruz,Entreprise
691,Bradly Stove,30,Junyang,Particulier
692,Ferdie Corbyn,39,Banjarejo,Particulier
693,Ingeberg Czadla,37,Lengji,Entreprise
694,Myrah Annandale,28,Três Corações,Particulier
695,Westbrook McCorrie,56,Shchuchin,Particulier
696,Jim Wiggam,34,San Diego,Particulier
697,Nessa Newcombe,37,Krajan,Entreprise
698,Warde Bollom,21,Nong Phok,Entreprise
699,Bing Gannon,49,Těšany,Particulier
700,Rosalinde Faherty,45,Laspezia,Particulier
701,Nomi Swayton,32,Anjozorobe,Particulier
702,Emmanuel Rennix,26,Kysyl-Syr,Entreprise
703,Randee Rubie,19,Bordeaux,Particulier
704,Shelia Farland,29,San Jose,Particulier
705,Dotty Goman,53,Būrkah,Entreprise
706,Catlaina Barlace,45,Montauban,Particulier
707,Aguie Elwin,21,Dalu,VIP
708,Marin Oliver-Paull,60,Besukrejo,Particulier
709,Eliot Askaw,25,Rio das Pedras,Particulier
710,Jaime Barlow,56,Togu,Entreprise
711,Elizabeth Jersh,33,Támara,Entreprise
712,Culley Sellers,43,Dongxiaokou,Particulier
713,Aylmar Gritton,38,Belz,Particulier
714,Susanetta Lipprose,26,Balkh,VIP
715,Flori Shadfourth,32,Tonoas Municipal Building,Entreprise
716,Emmie Croster,44,Xiwei,Particulier
717,Natale Rawsthorne,25,Puor,Particulier
718,Moses Hazelden,60,Kouvarás,Particulier
719,Caesar Jaques,60,Chrast,Particulier
720,Jasper Bettanay,51,Purbalingga,Entreprise
721,Flin Bartczak,36,Tuamese,Entreprise
722,Karoly Zeplin,38,Lafia,VIP
723,Devlen Lotherington,38,Tembeling,Particulier
724,Brok Fawdry,33,Lajas,Particulier
725,Whitney Bayless,53,Kota Kinabalu,VIP
726,Adele Matterface,19,Nikolayevsk,Particulier
727,Ortensia Cutbush,28,São Domingos do Maranhão,Particulier
728,Lyndell O'Kerin,38,Boljevci,Entreprise
729,Roch Tranfield,45,Novoye Devyatkino,VIP
730,Markos Litel,41,Khamyāb,Particulier
731,Christin McLorinan,59,Rosebank,Entreprise
732,Hugibert Springford,40,Bondowoso,Particulier
733,Arabela Minelli,51,Cambuga,Particulier
734,Sarita Quittonden,33,Luofang,Particulier
735,Hayden Burnitt,59,Shidu,Particulier
736,Randi Dilleston,49,Dugcal,Particulier
737,Carlyn Linklet,48,Toledo,Particulier
738,Thalia Skowcraft,49,Bongor,Particulier
739,Carlyle Jedraszczyk,58,Tamansari,VIP
740,Codi Lintot,34,Oyo,VIP
741,Erhart Firbank,31,Ciwaru,Particulier
742,Yehudit De Beneditti,46,Genang,Entreprise
743,Collen Farden,37,Hwangju-ŭp,Particulier
744,Nellie O'Crigane,32,Strängnäs,Particulier
745,Merrill Broinlich,30,Lewolang,Entreprise
746,Stafford Dawidowsky,36,La Sarre,Particulier
747,Judith Polleye,38,Chillán,Entreprise
748,Marys Montford,20,Vailoatai,VIP
749,Tersina Robberecht,43,Gložan,Particulier
750,Karlen Livett,55,Agiásos,Entreprise
751,Amalee Ghiriardelli,46,Bor,Particulier
752,Sterling Kose,28,Bweyogerere,Entreprise
753,Kelcie Bartalin,57,Sanshui,Particulier
754,Mischa Pates,35,Pamplona/Iruña,VIP
755,Wendall Pavyer,28,Yelizovo,VIP
756,Ashlen Rickaert,22,Boyany,Entreprise
757,Lou Le Count,34,Ladan,VIP
758,Laetitia Pennicott,40,Kohtla-Järve,VIP
759,Marshall Zanni,30,Ţāqchah Khānah,Particulier
760,Shantee Scourge,46,Rawa Mazowiecka,Particulier
761,Grantham Benbrick,37,Kislyakovskaya,Particulier
762,Wildon Stace,57,Sebulu,Particulier
763,Lorilee Saddler,42,Jebba,VIP
764,Inge Bettam,49,Yablochnyy,Particulier
765,Rasla Varsey,59,Kusheriki,Entreprise
766,Elihu Lago,51,Lengkeng,Entreprise
767,Justino Maggorini,39,Studénka,Particulier
768,Valli Dusting,27,Phutthaisong,Particulier
769,Lyndsay Annett,29,Fasito‘outa,Entreprise
770,Britte Crabtree,48,Victoria,Entreprise
771,Gaven Margerrison,26,Stari Grad,Particulier
772,Bee Vannacci,57,Kiruna,Particulier
773,Shelley Maseres,42,Winter Haven,Particulier
774,Gui Colliford,59,Jinanten,VIP
775,Katinka Degg,40,Bosilovo,Particulier
776,Carmita Sifflett,27,Quebrada de Arena,Particulier
777,Korey Cundey,55,Malbork,Entreprise
778,Nichols Abry,28,La Talaudière,Particulier
779,Clive Huban,25,Chaupimarca,Particulier
780,Jolene Haller,58,Toubao,Particulier
781,Alphonso Patrie,51,Rautjärvi,Particulier
782,Barbaraanne Deverille,54,Waalwijk,Entreprise
783,Ulysses Cattanach,43,Mozzozzin Sur,VIP
784,Stacee Reyburn,47,Curepipe,Particulier
785,Merle Neylan,28,Łubnice,Entreprise
786,Celisse Fenton,48,Nizhnyaya Tura,Particulier
787,Annissa Puddefoot,55,Al Jamīmah,Particulier
788,Clementina Gronous,18,Gizo,Particulier
789,Ilyse Bullough,41,Butajīra,VIP
790,Witty Davenhall,53,Tapado,VIP
791,Clo Symones,36,Amman,Particulier
792,Milt Duran,32,Skövde,Particulier
793,Kirsten Pedrick,31,Melun,VIP
794,Aigneis Healks,55,Zhangaqorghan,Particulier
795,Moina McVitty,25,Geneng,Particulier
796,Sheppard Davis,28,Ojiya,Particulier
797,Coraline Orgee,42,Limit,Particulier
798,Vincenz Broune,40,Jingxiyuan,Particulier
799,Guendolen Alred,34,San Bernardo,Entreprise
800,Chelsae Petracci,30,Pochinok,Particulier
801,Corbin Harse,44,Xinmin,Particulier
802,Clarinda Leavey,21,Meirinhas,Particulier
803,Gillie Timeby,58,El Llano,Particulier
804,Basilio Baleine,59,Lillers,VIP
805,Alf Bottrill,30,Rogongon,Entreprise
806,Pandora Bough,23,Iracemápolis,VIP
807,Brooke Hintze,37,Riobamba,Entreprise
808,Heinrik Allom,35,Doubrava,Entreprise
809,Lesli Whatley,59,Novo Selo,Particulier
810,Theobald Mandel,22,Senhor da Serra,Entreprise
811,Gary Coldridge,46,Vërtop,VIP
812,Ramsey Speek,28,Beitou,Particulier
813,Wynne Hertwell,53,Gubengairlangga,Particulier
814,Lennie Keemar,45,Nirasaki,VIP
815,Hasty Antonowicz,57,Abaeté,Particulier
816,Evey Calyton,54,Honolulu,Particulier
817,Staford Carstairs,36,Torrance,Particulier
818,Micheil Fawlo,26,Xiadingjia,Entreprise
819,Bobbie Helling,51,Duwakbuter,Entreprise
820,Wendeline Tulleth,24,General Manuel J. Campos,Entreprise
821,Pooh Tavener,41,Paranho,Particulier
822,Brandy Casswell,45,Kresek,Entreprise
823,Hunter Wisden,29,Aoshi,Particulier
824,Fredelia Vittel,35,Guane,Entreprise
825,Nancy Brogan,35,Huatan,Particulier
826,Arly Cheng,37,Pushkino,VIP
827,Pippy Miskelly,22,Gelan,Particulier
828,Tobie Scoggin,50,Klenčí pod Čerchovem,Particulier
829,Zebedee Wavish,51,Alor Star,Particulier
830,Josias Mityushkin,53,Sigaozhuang,VIP
831,Devina Lamminam,52,Takai,VIP
832,Sara-ann Dumphy,25,Santa Cruz de Guacas,VIP
833,Upton Kliner,29,Staryy Sambor,Entreprise
834,Lorens Eccott,43,Goiana,Particulier
835,Tris Chessman,51,Yahe,Particulier
836,Austina Trustram,54,Blachownia,Entreprise
837,Ichabod Fogt,43,San Fernando Apure,VIP
838,Khalil Tie,34,Catania,Particulier
839,Kirstyn Desseine,59,Francisco Villa,Particulier
840,Hervey Monelli,27,Kimch’aek-si,VIP
841,Jocelyn Pady,27,Gēdo,Entreprise
842,Emalee Waby,59,Kostopil’,Particulier
843,Jillie Ridolfo,51,Nepomuceno,Entreprise
844,Maggi Ledingham,42,Matarraque,Entreprise
845,Si Craster,53,Semey,Particulier
846,Deonne Royan,34,Flores da Cunha,Particulier
847,Waylon Fatharly,46,Huangni,Entreprise
848,Lanie Jorn,49,Cibaregbeg Dua,Entreprise
849,Pearl Hofton,59,Rajūzah,Particulier
850,Benedetta Buie,53,Budzów,Particulier
851,Tallou Odda,37,Ḩājī Khēl,Particulier
852,Kerry Forty,31,Xiantang,Particulier
853,Osbert Rosbrough,46,Chishtiān Mandi,Particulier
854,Darill Punton,38,Kemijärvi,Particulier
855,Evaleen Van Dale,54,Gemblengmulyo,Particulier
856,Edna Price,41,Raydah,Particulier
857,Claybourne Varley,40,Woniuhe,Particulier
858,Margette Langlois,46,Gränna,VIP
859,Celine Borrowman,50,Yag La,Particulier
860,Evvie Bearblock,44,Cucutilla,Particulier
861,Afton Williment,45,Serebryanyye Prudy,Particulier
862,Claus Berndt,60,Filótion,Particulier
863,Warde Turnbull,21,Yuanshanzi,Particulier
864,Viv Tonnesen,39,Nkoteng,Entreprise
865,Kenon Gun,56,Dong’an,Particulier
866,Joella Arnson,56,Rueil-Malmaison,Entreprise
867,Hakeem Quinane,39,Oemanu,Particulier
868,Jerrie Kanzler,38,Olympia,VIP
869,Dur Spohrmann,22,Honglin,VIP
870,Robbin Baxster,19,Balpyk Bī,Entreprise
871,Ashlen Cassely,39,Sukoanyar,Particulier
872,Elvin Boobyer,57,Fort Smith,VIP
873,Emalia Cowans,37,Kuanheum,Particulier
874,Theodora MacLeod,47,Qasr Abu Hadi,Particulier
875,Giorgia Sjollema,37,Quilmes,VIP
876,Teressa Dunham,18,Mapalad,Particulier
877,Marissa Kinton,33,Lumphăt,VIP
878,Vaughn Langthorne,34,Pinamalayan,Particulier
879,Raff Kiraly,38,Río Viejo,Entreprise
880,Carole Argontt,25,Grojec,Particulier
881,Delinda Goldsworthy,44,Thạnh Hóa,Particulier
882,Alfie Cisco,23,Kaura Namoda,Entreprise
883,Melva Ghilardini,22,Xinfeng,Particulier
884,Cherye McCullouch,48,Stockholm,Entreprise
885,Rafaello Linge,59,Joliette,Particulier
886,Adey Mularkey,23,Dalududalu,Entreprise
887,Ariel Mascall,56,Pira,Particulier
888,Jimmie Ledgard,22,Litvínovice,VIP
889,Josselyn Spier,50,Mojo,VIP
890,Arlin Barham,21,Guta,VIP
891,Booth Glendza,22,Solna,Entreprise
892,Justus Lockhead,26,San Ignacio de Velasco,Particulier
893,Jacqui Klimschak,59,Norrköping,Particulier
894,Rahel Crafter,31,Montongtebolak,Particulier
895,Allx Loades,48,Bijie,Entreprise
896,Grant Jablonski,50,Zongzhai,Particulier
897,Tommie Batty,60,Cibeureum,VIP
898,Selby Defont,45,Mohelno,Particulier
899,Antonia Godspede,45,Ulaan Khat,Particulier
900,Baudoin Le Friec,25,Lieqiao,Entreprise
901,Honoria Worcester,32,Belén,VIP
902,Georgine Bahls,48,Krutinka,Particulier
903,Patrizio Squibbs,39,Eyvān,VIP
904,Marylinda Sackur,23,Kamru,Particulier
905,Massimo Sanney,38,Pepe,Entreprise
906,Henrietta Woollaston,33,Saky,Particulier
907,Flemming Joanaud,21,Jiufang,Particulier
908,Brice Jacobs,40,Koukkuniemi,Particulier
909,Mohandas Moodey,47,Zhangduangu,Particulier
910,Hans Catterall,24,Lubumbashi,Entreprise
911,Cheslie Coggles,59,Tulusmulyo,Particulier
912,Eberto Berardt,46,Patrocinio,VIP
913,Alli Glassup,52,Nove-Misto,VIP
914,Pasquale Pendlington,51,Mongu,VIP
915,Nichols Jeandon,46,Marianowo,VIP
916,Heddie Hatto,25,Nariño,Particulier
917,Hagan Thacke,35,Melfort,VIP
918,Lilli Souza,34,Youhao,VIP
919,Caroline Heads,21,Markivka,Particulier
920,Lezley Kenworthey,34,Marādah,Entreprise
921,Mercedes Mabb,35,Gongqiao,Entreprise
922,Rawley Toleman,38,Camino Real,Particulier
923,Marsiella Martel,39,Morón,Entreprise
924,Roseanna Maso,33,Liuzhuang,VIP
925,Billy Durbann,60,Shuozhou,Particulier
926,Courtenay Skerratt,40,Lutun,Particulier
927,Paloma Nussii,57,Sicheng,Particulier
928,Peirce Morse,54,Tolotangga,Entreprise
929,Myrtia Mussetti,50,Dąbrowa,Particulier
930,Dasi Brooking,47,El Pao,Entreprise
931,Jonas Robillart,33,Sayyān,Particulier
932,Benedicto Scrowson,22,Suwaru,Particulier
933,Jewelle Commings,24,Kampene,Particulier
934,Phil Irlam,41,Wilcza,Particulier
935,Fredericka Myrie,54,Strömsund,Particulier
936,Marshall Lavies,37,Magoúla,Particulier
937,Lockwood Ronald,47,Pomiechówek,Particulier
938,Wilhelm MacAree,51,Cayenne,Particulier
939,Jyoti Vesco,46,Uummannaq,Entreprise
940,Lil Yushkov,51,Weetobula,Particulier
941,Kelsey Novichenko,54,Xuxiake,Particulier
942,Lucille Hindhaugh,20,Puerto Iguazú,Particulier
943,Harman McGready,33,Tinaquillo,Entreprise
944,Shandy Guinery,21,Ribeira Grande,Particulier
945,Ada Fortesquieu,38,Palma De Mallorca,Particulier
946,Anny Etchingham,50,Araguari,Entreprise
947,Ricca Goff,26,Dushan,Particulier
948,Bronson Hamlet,30,Burnham,Particulier
949,Vinnie Bofield,21,Bobrov,Particulier
950,Abbye Ortsmann,53,Amiens,Particulier
951,Cass Sylett,32,Tuban,Entreprise
952,Devin Gainsford,27,Cát Bà,Particulier
953,Nicolai Lockless,21,Hāgere Selam,Particulier
954,Austin Davidi,40,Leiguan,Entreprise
955,Giff Ponting,24,Knjazevac,Particulier
956,Gale Fryers,42,Machagai,Particulier
957,Hamel Grew,48,Zhangpu,Particulier
958,Elnore Poles,33,Jaguariaíva,Particulier
959,Sheffield Summerlad,39,Linggamanik,Particulier
960,Marice Mithun,27,Tanjungbatu,Particulier
961,Doroteya Engley,25,Wierzchucino,Particulier
962,Aura Allaker,60,Mayorga,Particulier
963,Nap Taw,49,Panjakent,Particulier
964,Leonelle Harman,56,Longtan,Particulier
965,Allegra Domerq,46,Solna,VIP
966,Valentijn Stellin,58,Bergen,Particulier
967,Alf Mingotti,57,Kåge,Particulier
968,Kalinda Barens,51,Futian,Particulier
969,Mariette Jordeson,44,Taurage,Particulier
970,Mary Livesley,43,Huangtang,Particulier
971,Alphard Matsell,22,Málaga,Entreprise
972,Bartram Ploughwright,54,Choroszcz,Particulier
973,Holt Bedrosian,50,Jabonga,Particulier
974,Colin Renault,31,Dejen,Particulier
975,Fina Ivy,57,Stara Pazova,Particulier
976,Norman Hambrook,54,Āstārā,Entreprise
977,Standford Shireff,33,Bungabon,Particulier
978,Killy Beesley,19,Francisco Villa,Particulier
979,Noby Bowles,27,Biting,Particulier
980,Ebba Gammade,22,Milicz,Particulier
981,Rollins Mulmuray,60,Santa Cruz,Particulier
982,Franklyn Lequeux,59,Qing’an,Particulier
983,Whitaker Duffree,45,Fengyang,Particulier
984,Fionna Compston,42,Makarska,Particulier
985,Jody Sara,57,Coronel Fabriciano,Entreprise
986,Davidson Geibel,37,Kỳ Anh,Entreprise
987,Renie Coveny,59,El Paso,Entreprise
988,Audry Matus,45,Sîngerei,VIP
989,Yetty Lewing,38,Dorogobuzh,VIP
990,Garrot Stuchbury,28,Kaduranca,Particulier
991,Vernice Whitmore,18,Skotoússa,Particulier
992,Shaylyn Baraclough,58,Maisons-Laffitte,Particulier
993,Shandy Dallin,55,Patos,Particulier
994,Frederigo Voisey,59,Gobojango,VIP
995,Audy Myrkus,41,Yanjiao,Particulier
996,Celestia Maginn,57,Messina,Particulier
997,Fulton Hurburt,26,San Miguel del Padrón,Particulier
998,Chevalier Kristoffersson,30,Amparafaravola,Entreprise
999,Hermione Redhouse,31,Proptisht,Particulier
1000,Leone Beaty,19,Vashkivtsi,Particulier
